Stock1,Stock2,P-Value,Cluster,Sector,Hedge_Ratio,Half_Life,Hurst_Exponent,Zero_Crossings
CMS,DUK,0.03037,utilities_0,utilities,0.5065228180426001,19.04,0.2871,83
ADSK,NOW,0.00083,tech_0,tech,0.1750078097777943,19.9,0.2961,60
ADSK,MSI,0.00081,tech_0,tech,0.3998764020034844,20.12,0.328,60
INTU,MSFT,0.04374,tech_0,tech,1.2471257007283856,19.59,0.3374,79
AIG,CB,0.06507,financials_0,financials,0.2690310033257064,24.36,0.3454,66
